[{"model": "app.product", "pk": 1, "fields": {"title": "cow milk", "selling_price": 50.0, "discount_price": 45.0, "description": "Whole cow's milk contains about 87% water. The remaining 13% contains protein, fat, carbohydrates, vitamins, and minerals. Processing techniques remove fat to produce lower fat varieties: “reduced fat” contains 2% milkfat, “lowfat” contains 1% milkfat, and “nonfat” or “skim” has virtually no milkfat.", "composition": "Whole cow's milk contains about 87% water. The remaining 13% contains protein, fat, carbohydrates, vitamins, and minerals. Processing techniques remove fat to produce lower fat varieties: “reduced fat” contains 2% milkfat, “lowfat” contains 1% milkfat, and “nonfat” or “skim” has virtually no milkfat.", "prodapp": "dairy product, milk and any of the foods made from milk, including butter, cheese, ice cream, yogurt, and condensed and dried milk", "category": "ML", "product_image": "fullcream-milk.png"}}, {"model": "app.product", "pk": 2, "fields": {"title": "Strawberry Milk shake", "selling_price": 50.0, "discount_price": 10.0, "description": "Fresh Strawberry Milkshakes Recipe | Food Network\r\nIn a large mixer, place the strawberries, ice cream, and milk. Blend until smooth. Pour into ice cream parlor glasses and garnish the rim of each glass with whole strawberries. Serve immediately", "composition": "It fights cholesterol and cancer, helps in skin improvement, keeps blood pressure in balance, helps in the reduction of inflammation of the joints, and helps in the reduction of inflammation of the joints controlling type two diabetes if you are diabetic", "prodapp": "Both strawberry and milk are packed with nutrients but they must not be consumed together. Here's why. While many people love to have strawberry milkshake, Ayurveda considers it Viruddha Ahara as the combination of milk and strawberries could lead to digestive trouble", "category": "MS", "product_image": "milk-shake-strawberry.png"}}, {"model": "app.product", "pk": 3, "fields": {"title": "curd", "selling_price": 12.0, "discount_price": 2.0, "description": "Curd is made by mixing a yogurt starter with warm milk and allowed to ferment for some hours. After the fermentation process the consistency of the flowing milk gradually transforms to a thick wobbly pudding like texture. Due to the bacterial fermentation the final product also has a tangy taste.", "composition": "Curd, which is popularly known as dahi in India, is prepared via a different process. So, from now on, when we mention curd in this article, we mean Indian dahi, not the solid blocks of milk. Curd is made by fermenting milk with the help of Lactic Acid bacteria.", "prodapp": "Curd is a fermented dairy product that contains high protein, low carbs, vitamins, and minerals. These nutrients are important for the proper functioning of many organs. Curd or yogurt helps to promote heart health, immunity, sugar levels, skin and hair health, weight management, and the digestive system", "category": "CR", "product_image": "curd-premium_vJcrNkc.png"}}, {"model": "app.product", "pk": 4, "fields": {"title": "Sweet Lassi", "selling_price": 25.0, "discount_price": 12.0, "description": "Regular lassi consumption can support the development of good bacteria and inhibit the growth of harmful bacteria in your stomach. The most popular beverage in Northern India is lassi. The simplest lassi is created by blending seasoned yoghurt with water", "composition": "So, Is Lassi Good For Health? YES, lassi is good for health in more ways than one. Lassi is packed with vital nutrients and good bacteria, which helps repair the stomach and improve overall gut health. Furthermore, lassi is cooling and calming, which prevents you from experiencing sunstrokes or nausea.", "prodapp": "lassi, a creamy, frothy yogurt-based drink, blended with water and various fruits or seasonings (such as salt or sugar), that originated in Punjab, India", "category": "LS", "product_image": "sweet-lassi.png"}}, {"model": "app.product", "pk": 5, "fields": {"title": "Fresh Panner", "selling_price": 60.0, "discount_price": 5.0, "description": "Paneer makhani (also called paneer butter masala) is a slightly sweet Indian dish of paneer, originating in New Delhi, in which the gravy is prepared usually with butter (makhan), tomatoes and cashews", "composition": "Curd and paneer are not 'veg'. They are animal source foods.", "prodapp": "The word paneer entered English from the Hindi-Urdu term panīr, which comes from Persian panir (پنیر) 'cheese', which comes from Old Iranian. Armenian panir (պանիր), Azerbaijani pəndir, Turkish peynir and Turkmen peýnir, all derived from Persian panir, also refer to cheese of any type", "category": "PN", "product_image": "paneer-fresh.png"}}, {"model": "app.product", "pk": 6, "fields": {"title": "Cheese slices", "selling_price": 66.87, "discount_price": 12.67, "description": "Cheese is a dairy product produced in wide ranges of flavors, textures, and forms by coagulation of the milk protein casein. It comprises proteins and fat", "composition": "Bottom line: Although cheese is high in saturated fat and sodium, it is also rich in calcium and protein, and some fermented types contain probiotics. One can enjoy a modest amount of cheese as part of a healthful diet, but how it is eaten is key.", "prodapp": "Conclusion. Paneer and cheese are both dairy products, but they have some important differences. Paneer is a fresh, unsalted, uncured cheese made from whole milk coagulated with lemon juice or vinegar. Cheese is age and can have a strong, sharp taste as well as high-fat content", "category": "CZ", "product_image": "processedcheese.png"}}, {"model": "app.product", "pk": 7, "fields": {"title": "Desi cow  Ghee", "selling_price": 99.87, "discount_price": 7.88, "description": ". Has Healthy Fats. Research proves that ghee is low in fat. ...\r\n. Helps Digestive System. Ghee consumption is strongly related to a healthy gut. ...\r\n. Strengthens Immune System. ...\r\n. Source of Essential Vitamins. ...\r\n. Anti-inflammatory and Anti-cancer. ...\r\n. Boon for Lactose Intolerant. ...\r\n Treats Burns. ...\r\n. Healthy Skin.", "composition": "Ghee contains a higher concentration of fat than butter. Gram for gram, it provides slightly more short-chain saturated fats. Overall, the differences between the two are small, and choosing one over the other likely won't significantly affect your health.", "prodapp": "When you intake grass-fed ghee in the right quantity, it increases the HDL (good cholesterol) and helps to reduce the LDL (bad cholesterol) in the blood. Hence, cholesterol in ghee is considered healthy.", "category": "GH", "product_image": "cow-ghee.png"}}, {"model": "app.product", "pk": 8, "fields": {"title": "Kulfi", "selling_price": 40.6, "discount_price": 12.3, "description": "Kulfi: India's creamy frozen dessert - BBC Travel\r\n\"Kulfi is a cold dessert made from dairy, which is just frozen. The mixture is usually flavoured milk (cardamom, saffron, pistachio, rose petals) that is slowly cooked in a kadai (wok), which reduces the milk and eventually condenses it.", "composition": "Though kulfi and ice cream are both frozen treats, they have some key differences. Unlike ice cream, which often uses eggs to add creaminess and stability, kulfi is made using only full-fat milk. This cooking method makes kulfi more stable than ice cream, so it's not as airy and doesn't melt as quickly.", "prodapp": "And despite kulfi tasting more indulgent than other frozen desserts, you don't need to worry about your calorie intake. It has HALF the calories, fat, and sugar of traditional ice cream: For example, each 1.6 oz kulfi bar contains only 7g of sugar and 80 calories", "category": "IC", "product_image": "kulfi_3TMkSC7.png"}}, {"model": "app.product", "pk": 9, "fields": {"title": "Ice Bar", "selling_price": 111.72, "discount_price": 22.55, "description": "American colonists were the first to use the term \"ice cream.\" The name came from the phrase \"iced cream,\" which was similar to \"iced tea.\" The name was later abbreviated to \"ice cream,\" the name we know today", "composition": "Vanilla Ice Cream\r\n\r\nThis is a no-brainer. Vanilla is the most popular ice cream flavor in the world so it only makes sense to start this list with vanilla ice cream. It isn't the sexiest flavor but it's definitely one of the most delicious and versatile", "prodapp": "This is a no-brainer. Vanilla is the most popular ice cream flavor in the world so it only makes sense to start this list with vanilla ice cream. It isn't the sexiest flavor but it's definitely one of the most delicious and versatile", "category": "IC", "product_image": "icbars.png"}}, {"model": "app.customer", "pk": 1, "fields": {"user": 11, "name": "Ayjaz Ahammad", "locality": "karnool", "city": "Krishna", "mobile": 9491482858, "zipcode": 520007, "state": "Andhra Pradesh"}}, {"model": "app.customer", "pk": 5, "fields": {"user": 1, "name": "Aslam Abdul", "locality": "enikepadu", "city": "guntur", "mobile": 9441085960, "zipcode": 520007, "state": "Andhra Pradesh"}}, {"model": "app.customer", "pk": 9, "fields": {"user": 1, "name": "Aslam Ahammad", "locality": "Borabanda", "city": "Hyderabad", "mobile": 9441085960, "zipcode": 500081, "state": "Andhra Pradesh"}}, {"model": "app.customer", "pk": 10, "fields": {"user": 1, "name": "Ayjaz", "locality": "enikepadu", "city": "Krishna", "mobile": 22222222, "zipcode": 520007, "state": "Andhra Pradesh"}}, {"model": "app.customer", "pk": 11, "fields": {"user": 12, "name": "Ayjaz Ahammad", "locality": "vizag", "city": "Krishna", "mobile": 9491482858, "zipcode": 520007, "state": "Andhra Pradesh"}}, {"model": "app.customer", "pk": 12, "fields": {"user": 1, "name": "Uday", "locality": "enikepadu", "city": "Krishna", "mobile": 9441085960, "zipcode": 520007, "state": "Andhra Pradesh"}}, {"model": "app.customer", "pk": 13, "fields": {"user": 13, "name": "Ayjaz Ahammad", "locality": "vizag", "city": "Krishna", "mobile": 9491482858, "zipcode": 520007, "state": "Andhra Pradesh"}}, {"model": "app.customer", "pk": 14, "fields": {"user": 16, "name": "Ayjaz Ahammad", "locality": "telagana", "city": "Krishna", "mobile": 9491482858, "zipcode": 520007, "state": "Andhra Pradesh"}}, {"model": "app.customer", "pk": 15, "fields": {"user": 16, "name": "Aslam Ahammad", "locality": "sanath nagar", "city": "Krishna", "mobile": 9441085960, "zipcode": 520007, "state": "Andhra Pradesh"}}, {"model": "app.customer", "pk": 16, "fields": {"user": 17, "name": "Ayjaz Ahammad", "locality": "karnool", "city": "Krishna", "mobile": 9491482858, "zipcode": 520007, "state": "Andhra Pradesh"}}, {"model": "app.customer", "pk": 17, "fields": {"user": 18, "name": "Akram", "locality": "karnool", "city": "Krishna", "mobile": 9491482858, "zipcode": 520007, "state": "Andhra Pradesh"}}, {"model": "app.cart", "pk": 1, "fields": {"user": 17, "product": 1, "quantity": 5}}, {"model": "app.cart", "pk": 2, "fields": {"user": 14, "product": 2, "quantity": 1}}, {"model": "app.cart", "pk": 3, "fields": {"user": 16, "product": 8, "quantity": 1}}, {"model": "app.cart", "pk": 4, "fields": {"user": 14, "product": 1, "quantity": 0}}, {"model": "app.cart", "pk": 5, "fields": {"user": 11, "product": 3, "quantity": 0}}, {"model": "app.cart", "pk": 6, "fields": {"user": 11, "product": 9, "quantity": 3}}, {"model": "app.cart", "pk": 7, "fields": {"user": 16, "product": 6, "quantity": 1}}, {"model": "app.cart", "pk": 8, "fields": {"user": 14, "product": 8, "quantity": 0}}, {"model": "app.cart", "pk": 9, "fields": {"user": 14, "product": 7, "quantity": 1}}, {"model": "app.cart", "pk": 10, "fields": {"user": 16, "product": 2, "quantity": 1}}, {"model": "app.cart", "pk": 11, "fields": {"user": 14, "product": 2, "quantity": 1}}, {"model": "app.cart", "pk": 12, "fields": {"user": 14, "product": 5, "quantity": 15}}, {"model": "app.cart", "pk": 13, "fields": {"user": 16, "product": 3, "quantity": 1}}, {"model": "app.cart", "pk": 14, "fields": {"user": 14, "product": 3, "quantity": 1}}, {"model": "app.cart", "pk": 15, "fields": {"user": 14, "product": 7, "quantity": 5}}, {"model": "app.cart", "pk": 16, "fields": {"user": 14, "product": 8, "quantity": 1}}, {"model": "app.cart", "pk": 17, "fields": {"user": 16, "product": 1, "quantity": 1}}, {"model": "app.cart", "pk": 18, "fields": {"user": 16, "product": 7, "quantity": 1}}, {"model": "app.cart", "pk": 19, "fields": {"user": 16, "product": 8, "quantity": 1}}, {"model": "app.cart", "pk": 20, "fields": {"user": 11, "product": 1, "quantity": 3}}, {"model": "app.cart", "pk": 21, "fields": {"user": 17, "product": 2, "quantity": 11}}, {"model": "app.cart", "pk": 22, "fields": {"user": 17, "product": 2, "quantity": 1}}, {"model": "app.cart", "pk": 23, "fields": {"user": 11, "product": 8, "quantity": 3}}, {"model": "app.cart", "pk": 28, "fields": {"user": 18, "product": 2, "quantity": 2}}, {"model": "app.cart", "pk": 29, "fields": {"user": 18, "product": 4, "quantity": 1}}, {"model": "app.cart", "pk": 30, "fields": {"user": 18, "product": 8, "quantity": 1}}, {"model": "app.payment", "pk": 1, "fields": {"user": 18, "amount": 77.52, "razorpay_order_id": null, "razorpay_payment_id": "order_MhPf6JXbdA0JDC", "razorpay_payment_status": "created", "paid": true}}, {"model": "app.payment", "pk": 2, "fields": {"user": 18, "amount": 77.52, "razorpay_order_id": null, "razorpay_payment_id": "order_MhPhpdkKuT4Cj6", "razorpay_payment_status": "created", "paid": false}}, {"model": "app.payment", "pk": 3, "fields": {"user": 18, "amount": 77.52, "razorpay_order_id": null, "razorpay_payment_id": "order_MhPiDwlFXhbqef", "razorpay_payment_status": "created", "paid": false}}, {"model": "app.payment", "pk": 4, "fields": {"user": 18, "amount": 77.52, "razorpay_order_id": null, "razorpay_payment_id": "order_MhPiulk8PABIGL", "razorpay_payment_status": "created", "paid": false}}, {"model": "admin.logentry", "pk": 1, "fields": {"action_time": "2023-09-02T06:35:19.055Z", "user": 1, "content_type": 1, "object_id": "1", "object_repr": "cow milk", "action_flag": 1, "change_message": "[{\"added\": {}}]"}}, {"model": "admin.logentry", "pk": 2, "fields": {"action_time": "2023-09-02T06:39:02.785Z", "user": 1, "content_type": 1, "object_id": "2", "object_repr": "kulfi", "action_flag": 1, "change_message": "[{\"added\": {}}]"}}, {"model": "admin.logentry", "pk": 3, "fields": {"action_time": "2023-09-02T08:07:33.343Z", "user": 1, "content_type": 1, "object_id": "3", "object_repr": "curd", "action_flag": 1, "change_message": "[{\"added\": {}}]"}}, {"model": "admin.logentry", "pk": 4, "fields": {"action_time": "2023-09-02T08:30:34.476Z", "user": 1, "content_type": 1, "object_id": "1", "object_repr": "cow milk", "action_flag": 2, "change_message": "[{\"changed\": {\"fields\": [\"Product image\"]}}]"}}, {"model": "admin.logentry", "pk": 5, "fields": {"action_time": "2023-09-02T08:33:25.739Z", "user": 1, "content_type": 1, "object_id": "2", "object_repr": "Strawberry Milk shake", "action_flag": 2, "change_message": "[{\"changed\": {\"fields\": [\"Title\", \"Description\", \"Composition\", \"Prodapp\", \"Product image\"]}}]"}}, {"model": "admin.logentry", "pk": 6, "fields": {"action_time": "2023-09-02T08:36:00.977Z", "user": 1, "content_type": 1, "object_id": "3", "object_repr": "curd", "action_flag": 2, "change_message": "[{\"changed\": {\"fields\": [\"Description\", \"Composition\", \"Prodapp\", \"Product image\"]}}]"}}, {"model": "admin.logentry", "pk": 7, "fields": {"action_time": "2023-09-02T08:39:04.002Z", "user": 1, "content_type": 1, "object_id": "4", "object_repr": "Sweet Lassi", "action_flag": 1, "change_message": "[{\"added\": {}}]"}}, {"model": "admin.logentry", "pk": 8, "fields": {"action_time": "2023-09-02T08:43:36.638Z", "user": 1, "content_type": 1, "object_id": "5", "object_repr": "Fresh Panner", "action_flag": 1, "change_message": "[{\"added\": {}}]"}}, {"model": "admin.logentry", "pk": 9, "fields": {"action_time": "2023-09-02T08:47:48.160Z", "user": 1, "content_type": 1, "object_id": "6", "object_repr": "Cheese slices", "action_flag": 1, "change_message": "[{\"added\": {}}]"}}, {"model": "admin.logentry", "pk": 10, "fields": {"action_time": "2023-09-02T08:50:33.669Z", "user": 1, "content_type": 1, "object_id": "7", "object_repr": "Desi cow  Ghee", "action_flag": 1, "change_message": "[{\"added\": {}}]"}}, {"model": "admin.logentry", "pk": 11, "fields": {"action_time": "2023-09-02T08:54:32.496Z", "user": 1, "content_type": 1, "object_id": "8", "object_repr": "Kulfi", "action_flag": 1, "change_message": "[{\"added\": {}}]"}}, {"model": "admin.logentry", "pk": 12, "fields": {"action_time": "2023-09-02T08:57:51.689Z", "user": 1, "content_type": 1, "object_id": "9", "object_repr": "Ice Bar", "action_flag": 1, "change_message": "[{\"added\": {}}]"}}, {"model": "admin.logentry", "pk": 13, "fields": {"action_time": "2023-09-05T10:09:51.921Z", "user": 1, "content_type": 5, "object_id": "6", "object_repr": "Ayjaz", "action_flag": 3, "change_message": ""}}, {"model": "admin.logentry", "pk": 14, "fields": {"action_time": "2023-09-06T08:23:41.495Z", "user": 1, "content_type": 5, "object_id": "4", "object_repr": "santosh", "action_flag": 3, "change_message": ""}}, {"model": "admin.logentry", "pk": 15, "fields": {"action_time": "2023-09-06T08:23:41.507Z", "user": 1, "content_type": 5, "object_id": "10", "object_repr": "kra94914828@gmail.com", "action_flag": 3, "change_message": ""}}, {"model": "admin.logentry", "pk": 16, "fields": {"action_time": "2023-09-06T08:23:41.518Z", "user": 1, "content_type": 5, "object_id": "5", "object_repr": "harry", "action_flag": 3, "change_message": ""}}, {"model": "admin.logentry", "pk": 17, "fields": {"action_time": "2023-09-06T08:23:41.532Z", "user": 1, "content_type": 5, "object_id": "2", "object_repr": "ayjas", "action_flag": 3, "change_message": ""}}, {"model": "admin.logentry", "pk": 18, "fields": {"action_time": "2023-09-06T08:23:41.547Z", "user": 1, "content_type": 5, "object_id": "8", "object_repr": "akram94914828@gmail.com", "action_flag": 3, "change_message": ""}}, {"model": "admin.logentry", "pk": 19, "fields": {"action_time": "2023-09-06T08:23:41.561Z", "user": 1, "content_type": 5, "object_id": "3", "object_repr": "akram", "action_flag": 3, "change_message": ""}}, {"model": "admin.logentry", "pk": 20, "fields": {"action_time": "2023-09-06T08:23:41.577Z", "user": 1, "content_type": 5, "object_id": "9", "object_repr": "akra94914828@gmail.com", "action_flag": 3, "change_message": ""}}, {"model": "admin.logentry", "pk": 21, "fields": {"action_time": "2023-09-06T08:23:41.592Z", "user": 1, "content_type": 5, "object_id": "7", "object_repr": "Ayjaz", "action_flag": 3, "change_message": ""}}, {"model": "admin.logentry", "pk": 22, "fields": {"action_time": "2023-09-07T19:20:27.969Z", "user": 1, "content_type": 8, "object_id": "4", "object_repr": "Ayjaz Ahammadm", "action_flag": 3, "change_message": ""}}, {"model": "admin.logentry", "pk": 23, "fields": {"action_time": "2023-09-07T19:20:27.988Z", "user": 1, "content_type": 8, "object_id": "3", "object_repr": "Ayjaz Ahammad", "action_flag": 3, "change_message": ""}}, {"model": "admin.logentry", "pk": 24, "fields": {"action_time": "2023-09-07T19:20:28.007Z", "user": 1, "content_type": 8, "object_id": "2", "object_repr": "Ayjaz Ahammad", "action_flag": 3, "change_message": ""}}, {"model": "admin.logentry", "pk": 25, "fields": {"action_time": "2023-09-07T19:31:11.206Z", "user": 1, "content_type": 8, "object_id": "8", "object_repr": "Aslam Ahammad", "action_flag": 3, "change_message": ""}}, {"model": "admin.logentry", "pk": 26, "fields": {"action_time": "2023-09-07T19:31:11.226Z", "user": 1, "content_type": 8, "object_id": "7", "object_repr": "Aslam Ahammad", "action_flag": 3, "change_message": ""}}, {"model": "admin.logentry", "pk": 27, "fields": {"action_time": "2023-09-07T19:31:11.249Z", "user": 1, "content_type": 8, "object_id": "6", "object_repr": "harry", "action_flag": 3, "change_message": ""}}, {"model": "admin.logentry", "pk": 28, "fields": {"action_time": "2023-09-13T14:40:57.983Z", "user": 13, "content_type": 5, "object_id": "13", "object_repr": "robo", "action_flag": 2, "change_message": "[{\"changed\": {\"fields\": [\"Email address\"]}}]"}}, {"model": "admin.logentry", "pk": 29, "fields": {"action_time": "2023-09-14T14:35:53.341Z", "user": 16, "content_type": 9, "object_id": "1", "object_repr": "Cart object (1)", "action_flag": 1, "change_message": "[{\"added\": {}}]"}}, {"model": "admin.logentry", "pk": 30, "fields": {"action_time": "2023-09-14T15:05:46.630Z", "user": 16, "content_type": 9, "object_id": "1", "object_repr": "Cart object (1)", "action_flag": 2, "change_message": "[]"}}, {"model": "admin.logentry", "pk": 31, "fields": {"action_time": "2023-09-19T19:32:17.132Z", "user": 16, "content_type": 9, "object_id": "16", "object_repr": "Cart object (16)", "action_flag": 2, "change_message": "[{\"changed\": {\"fields\": [\"Product\"]}}]"}}, {"model": "admin.logentry", "pk": 32, "fields": {"action_time": "2023-09-19T19:51:22.339Z", "user": 16, "content_type": 9, "object_id": "9", "object_repr": "Cart object (9)", "action_flag": 2, "change_message": "[{\"changed\": {\"fields\": [\"User\"]}}]"}}, {"model": "admin.logentry", "pk": 33, "fields": {"action_time": "2023-09-19T19:52:35.072Z", "user": 16, "content_type": 9, "object_id": "16", "object_repr": "Cart object (16)", "action_flag": 2, "change_message": "[{\"changed\": {\"fields\": [\"User\"]}}]"}}, {"model": "admin.logentry", "pk": 34, "fields": {"action_time": "2023-09-19T19:52:51.494Z", "user": 16, "content_type": 9, "object_id": "15", "object_repr": "Cart object (15)", "action_flag": 2, "change_message": "[{\"changed\": {\"fields\": [\"User\"]}}]"}}, {"model": "admin.logentry", "pk": 35, "fields": {"action_time": "2023-09-19T19:53:02.816Z", "user": 16, "content_type": 9, "object_id": "14", "object_repr": "Cart object (14)", "action_flag": 2, "change_message": "[{\"changed\": {\"fields\": [\"User\"]}}]"}}, {"model": "admin.logentry", "pk": 36, "fields": {"action_time": "2023-09-19T19:53:13.598Z", "user": 16, "content_type": 9, "object_id": "12", "object_repr": "Cart object (12)", "action_flag": 2, "change_message": "[{\"changed\": {\"fields\": [\"User\"]}}]"}}, {"model": "admin.logentry", "pk": 37, "fields": {"action_time": "2023-09-19T19:53:25.590Z", "user": 16, "content_type": 9, "object_id": "11", "object_repr": "Cart object (11)", "action_flag": 2, "change_message": "[{\"changed\": {\"fields\": [\"User\"]}}]"}}, {"model": "admin.logentry", "pk": 38, "fields": {"action_time": "2023-09-19T19:54:31.031Z", "user": 16, "content_type": 9, "object_id": "2", "object_repr": "Cart object (2)", "action_flag": 2, "change_message": "[{\"changed\": {\"fields\": [\"User\"]}}]"}}, {"model": "admin.logentry", "pk": 39, "fields": {"action_time": "2023-09-21T10:56:40.218Z", "user": 16, "content_type": 9, "object_id": "17", "object_repr": "Cart object (17)", "action_flag": 2, "change_message": "[{\"changed\": {\"fields\": [\"Quantity\"]}}]"}}, {"model": "admin.logentry", "pk": 40, "fields": {"action_time": "2023-09-21T10:58:12.298Z", "user": 16, "content_type": 9, "object_id": "8", "object_repr": "Cart object (8)", "action_flag": 2, "change_message": "[{\"changed\": {\"fields\": [\"User\", \"Product\"]}}]"}}, {"model": "admin.logentry", "pk": 41, "fields": {"action_time": "2023-09-21T11:01:07.401Z", "user": 16, "content_type": 9, "object_id": "17", "object_repr": "Cart object (17)", "action_flag": 2, "change_message": "[{\"changed\": {\"fields\": [\"Product\"]}}]"}}, {"model": "admin.logentry", "pk": 42, "fields": {"action_time": "2023-09-21T11:02:22.993Z", "user": 16, "content_type": 9, "object_id": "1", "object_repr": "Cart object (1)", "action_flag": 2, "change_message": "[{\"changed\": {\"fields\": [\"Quantity\"]}}]"}}, {"model": "admin.logentry", "pk": 43, "fields": {"action_time": "2023-09-21T11:02:53.501Z", "user": 16, "content_type": 9, "object_id": "1", "object_repr": "Cart object (1)", "action_flag": 2, "change_message": "[{\"changed\": {\"fields\": [\"Quantity\"]}}]"}}, {"model": "admin.logentry", "pk": 44, "fields": {"action_time": "2023-09-21T11:05:16.600Z", "user": 16, "content_type": 9, "object_id": "4", "object_repr": "Cart object (4)", "action_flag": 2, "change_message": "[{\"changed\": {\"fields\": [\"Quantity\"]}}]"}}, {"model": "admin.logentry", "pk": 45, "fields": {"action_time": "2023-09-21T11:05:35.496Z", "user": 16, "content_type": 9, "object_id": "4", "object_repr": "Cart object (4)", "action_flag": 2, "change_message": "[{\"changed\": {\"fields\": [\"User\"]}}]"}}, {"model": "admin.logentry", "pk": 46, "fields": {"action_time": "2023-09-21T19:57:51.510Z", "user": 17, "content_type": 9, "object_id": "5", "object_repr": "Cart object (5)", "action_flag": 2, "change_message": "[{\"changed\": {\"fields\": [\"Quantity\"]}}]"}}, {"model": "admin.logentry", "pk": 47, "fields": {"action_time": "2023-09-21T21:41:10.193Z", "user": 17, "content_type": 9, "object_id": "1", "object_repr": "Cart object (1)", "action_flag": 2, "change_message": "[{\"changed\": {\"fields\": [\"User\", \"Quantity\"]}}]"}}, {"model": "admin.logentry", "pk": 48, "fields": {"action_time": "2023-09-27T15:47:35.252Z", "user": 18, "content_type": 10, "object_id": "1", "object_repr": "Payment object (1)", "action_flag": 2, "change_message": "[{\"changed\": {\"fields\": [\"Paid\"]}}]"}}, {"model": "auth.permission", "pk": 1, "fields": {"name": "Can add product", "content_type": 1, "codename": "add_product"}}, {"model": "auth.permission", "pk": 2, "fields": {"name": "Can change product", "content_type": 1, "codename": "change_product"}}, {"model": "auth.permission", "pk": 3, "fields": {"name": "Can delete product", "content_type": 1, "codename": "delete_product"}}, {"model": "auth.permission", "pk": 4, "fields": {"name": "Can view product", "content_type": 1, "codename": "view_product"}}, {"model": "auth.permission", "pk": 5, "fields": {"name": "Can add log entry", "content_type": 2, "codename": "add_logentry"}}, {"model": "auth.permission", "pk": 6, "fields": {"name": "Can change log entry", "content_type": 2, "codename": "change_logentry"}}, {"model": "auth.permission", "pk": 7, "fields": {"name": "Can delete log entry", "content_type": 2, "codename": "delete_logentry"}}, {"model": "auth.permission", "pk": 8, "fields": {"name": "Can view log entry", "content_type": 2, "codename": "view_logentry"}}, {"model": "auth.permission", "pk": 9, "fields": {"name": "Can add permission", "content_type": 3, "codename": "add_permission"}}, {"model": "auth.permission", "pk": 10, "fields": {"name": "Can change permission", "content_type": 3, "codename": "change_permission"}}, {"model": "auth.permission", "pk": 11, "fields": {"name": "Can delete permission", "content_type": 3, "codename": "delete_permission"}}, {"model": "auth.permission", "pk": 12, "fields": {"name": "Can view permission", "content_type": 3, "codename": "view_permission"}}, {"model": "auth.permission", "pk": 13, "fields": {"name": "Can add group", "content_type": 4, "codename": "add_group"}}, {"model": "auth.permission", "pk": 14, "fields": {"name": "Can change group", "content_type": 4, "codename": "change_group"}}, {"model": "auth.permission", "pk": 15, "fields": {"name": "Can delete group", "content_type": 4, "codename": "delete_group"}}, {"model": "auth.permission", "pk": 16, "fields": {"name": "Can view group", "content_type": 4, "codename": "view_group"}}, {"model": "auth.permission", "pk": 17, "fields": {"name": "Can add user", "content_type": 5, "codename": "add_user"}}, {"model": "auth.permission", "pk": 18, "fields": {"name": "Can change user", "content_type": 5, "codename": "change_user"}}, {"model": "auth.permission", "pk": 19, "fields": {"name": "Can delete user", "content_type": 5, "codename": "delete_user"}}, {"model": "auth.permission", "pk": 20, "fields": {"name": "Can view user", "content_type": 5, "codename": "view_user"}}, {"model": "auth.permission", "pk": 21, "fields": {"name": "Can add content type", "content_type": 6, "codename": "add_contenttype"}}, {"model": "auth.permission", "pk": 22, "fields": {"name": "Can change content type", "content_type": 6, "codename": "change_contenttype"}}, {"model": "auth.permission", "pk": 23, "fields": {"name": "Can delete content type", "content_type": 6, "codename": "delete_contenttype"}}, {"model": "auth.permission", "pk": 24, "fields": {"name": "Can view content type", "content_type": 6, "codename": "view_contenttype"}}, {"model": "auth.permission", "pk": 25, "fields": {"name": "Can add session", "content_type": 7, "codename": "add_session"}}, {"model": "auth.permission", "pk": 26, "fields": {"name": "Can change session", "content_type": 7, "codename": "change_session"}}, {"model": "auth.permission", "pk": 27, "fields": {"name": "Can delete session", "content_type": 7, "codename": "delete_session"}}, {"model": "auth.permission", "pk": 28, "fields": {"name": "Can view session", "content_type": 7, "codename": "view_session"}}, {"model": "auth.permission", "pk": 29, "fields": {"name": "Can add customer", "content_type": 8, "codename": "add_customer"}}, {"model": "auth.permission", "pk": 30, "fields": {"name": "Can change customer", "content_type": 8, "codename": "change_customer"}}, {"model": "auth.permission", "pk": 31, "fields": {"name": "Can delete customer", "content_type": 8, "codename": "delete_customer"}}, {"model": "auth.permission", "pk": 32, "fields": {"name": "Can view customer", "content_type": 8, "codename": "view_customer"}}, {"model": "auth.permission", "pk": 33, "fields": {"name": "Can add cart", "content_type": 9, "codename": "add_cart"}}, {"model": "auth.permission", "pk": 34, "fields": {"name": "Can change cart", "content_type": 9, "codename": "change_cart"}}, {"model": "auth.permission", "pk": 35, "fields": {"name": "Can delete cart", "content_type": 9, "codename": "delete_cart"}}, {"model": "auth.permission", "pk": 36, "fields": {"name": "Can view cart", "content_type": 9, "codename": "view_cart"}}, {"model": "auth.permission", "pk": 37, "fields": {"name": "Can add payment", "content_type": 10, "codename": "add_payment"}}, {"model": "auth.permission", "pk": 38, "fields": {"name": "Can change payment", "content_type": 10, "codename": "change_payment"}}, {"model": "auth.permission", "pk": 39, "fields": {"name": "Can delete payment", "content_type": 10, "codename": "delete_payment"}}, {"model": "auth.permission", "pk": 40, "fields": {"name": "Can view payment", "content_type": 10, "codename": "view_payment"}}, {"model": "auth.permission", "pk": 41, "fields": {"name": "Can add order placed", "content_type": 11, "codename": "add_orderplaced"}}, {"model": "auth.permission", "pk": 42, "fields": {"name": "Can change order placed", "content_type": 11, "codename": "change_orderplaced"}}, {"model": "auth.permission", "pk": 43, "fields": {"name": "Can delete order placed", "content_type": 11, "codename": "delete_orderplaced"}}, {"model": "auth.permission", "pk": 44, "fields": {"name": "Can view order placed", "content_type": 11, "codename": "view_orderplaced"}}, {"model": "auth.user", "pk": 1, "fields": {"password": "pbkdf2_sha256$600000$YpBII6rahFDvppbTt3dasr$VWtJJ4pP+U+ZUSVkCb8Slp2TbKUPoifliFpLq2reBUE=", "last_login": "2023-09-08T13:55:44.615Z", "is_superuser": true, "username": "admin", "first_name": "", "last_name": "", "email": "", "is_staff": true, "is_active": true, "date_joined": "2023-09-01T21:23:17.195Z", "groups": [], "user_permissions": []}}, {"model": "auth.user", "pk": 11, "fields": {"password": "pbkdf2_sha256$600000$Hhl4VQ6a0VNbEJObWE33rD$RsSXh55Yh2vUQgccqAWz9v6KMUbLtkdSCKGAOxb+n+U=", "last_login": "2023-09-26T17:09:17.445Z", "is_superuser": false, "username": "skandha", "first_name": "", "last_name": "", "email": "skandha@gmail.com", "is_staff": false, "is_active": true, "date_joined": "2023-09-06T08:15:57.200Z", "groups": [], "user_permissions": []}}, {"model": "auth.user", "pk": 12, "fields": {"password": "pbkdf2_sha256$600000$jT73O1RzGsCVT5cuL4bVIT$/K5zQy9qioYCJ9HicZFm0KHi2/4EqCkYjJIRnNA75Ck=", "last_login": "2023-09-07T19:45:43.318Z", "is_superuser": false, "username": "harry", "first_name": "", "last_name": "", "email": "harry@gmail.com", "is_staff": false, "is_active": true, "date_joined": "2023-09-07T19:25:17.812Z", "groups": [], "user_permissions": []}}, {"model": "auth.user", "pk": 13, "fields": {"password": "pbkdf2_sha256$600000$sOBURzaF7QOyGsfWIiN3uH$LXLz1HCU1egGPvZ4548/9VzDiwzI3LvfuHG4uLjTGtA=", "last_login": "2023-09-09T14:07:05Z", "is_superuser": true, "username": "robo", "first_name": "", "last_name": "", "email": "akram94914828@gmail.com", "is_staff": true, "is_active": true, "date_joined": "2023-09-09T13:34:34Z", "groups": [], "user_permissions": []}}, {"model": "auth.user", "pk": 14, "fields": {"password": "pbkdf2_sha256$600000$V7DWHOJ6oWJWH1Mp8aCS8C$hyIegyjhm7Ky8Kiy/CZgrrsZBT3fMVsDx2xp1+8Thgs=", "last_login": null, "is_superuser": false, "username": "Hero", "first_name": "", "last_name": "", "email": "mdaslamzabbivulla@gmail.com", "is_staff": false, "is_active": true, "date_joined": "2023-09-13T14:41:57.162Z", "groups": [], "user_permissions": []}}, {"model": "auth.user", "pk": 15, "fields": {"password": "pbkdf2_sha256$600000$59ZxzKae9zdOBcePfjOsTc$H4e2j17nTofpRO02iKmr6cd6QlPScsr7RSiQTTm8/90=", "last_login": null, "is_superuser": true, "username": "ayjas", "first_name": "", "last_name": "", "email": "akram94914828@gmail.com", "is_staff": true, "is_active": true, "date_joined": "2023-09-13T18:23:31.651Z", "groups": [], "user_permissions": []}}, {"model": "auth.user", "pk": 16, "fields": {"password": "pbkdf2_sha256$600000$21B8w79Q06isbR8Iu01uQt$ALnMXbbcVeWA9i/UjyiMiN8iNXs+iJ+ftVcUpJLEaGg=", "last_login": "2023-09-21T10:37:12.440Z", "is_superuser": true, "username": "hero", "first_name": "", "last_name": "", "email": "", "is_staff": true, "is_active": true, "date_joined": "2023-09-13T18:27:32.269Z", "groups": [], "user_permissions": []}}, {"model": "auth.user", "pk": 17, "fields": {"password": "pbkdf2_sha256$600000$LKJ1elAc1v0IO1Kx0N17Pr$tDxDPgFzwSiXVxB98LtY3GBDWkTfcp8VpXvWtvIV7RU=", "last_login": "2023-09-21T19:59:50.815Z", "is_superuser": true, "username": "admins", "first_name": "", "last_name": "", "email": "", "is_staff": true, "is_active": true, "date_joined": "2023-09-21T19:46:44.716Z", "groups": [], "user_permissions": []}}, {"model": "auth.user", "pk": 18, "fields": {"password": "pbkdf2_sha256$600000$YvWrMLed7xk40ab8sxtmZq$JzbgVunOIXb4oBRxiHc+lZCR/SVmynmCy/1Tt5MxVcQ=", "last_login": "2023-09-27T15:02:37.136Z", "is_superuser": true, "username": "akram", "first_name": "", "last_name": "", "email": "", "is_staff": true, "is_active": true, "date_joined": "2023-09-27T15:01:47.929Z", "groups": [], "user_permissions": []}}, {"model": "contenttypes.contenttype", "pk": 1, "fields": {"app_label": "app", "model": "product"}}, {"model": "contenttypes.contenttype", "pk": 2, "fields": {"app_label": "admin", "model": "logentry"}}, {"model": "contenttypes.contenttype", "pk": 3, "fields": {"app_label": "auth", "model": "permission"}}, {"model": "contenttypes.contenttype", "pk": 4, "fields": {"app_label": "auth", "model": "group"}}, {"model": "contenttypes.contenttype", "pk": 5, "fields": {"app_label": "auth", "model": "user"}}, {"model": "contenttypes.contenttype", "pk": 6, "fields": {"app_label": "contenttypes", "model": "contenttype"}}, {"model": "contenttypes.contenttype", "pk": 7, "fields": {"app_label": "sessions", "model": "session"}}, {"model": "contenttypes.contenttype", "pk": 8, "fields": {"app_label": "app", "model": "customer"}}, {"model": "contenttypes.contenttype", "pk": 9, "fields": {"app_label": "app", "model": "cart"}}, {"model": "contenttypes.contenttype", "pk": 10, "fields": {"app_label": "app", "model": "payment"}}, {"model": "contenttypes.contenttype", "pk": 11, "fields": {"app_label": "app", "model": "orderplaced"}}, {"model": "sessions.session", "pk": "h5umv4d6xtxuyg1r5hlacar5wwlojl1w", "fields": {"session_data": ".eJxVjDsOwjAQBe_iGln-R0tJzxms9a6NA8iW4qRC3B0ipYD2zcx7iYjbWuM28hJnFmehgzj9jgnpkdtO-I7t1iX1ti5zkrsiDzrktXN-Xg7376DiqN_aACNAMc44ylSsnrKFkDWZMHkuUKgEA8YrBd4p5zhplYCd9Wh9QBTvDwNGN64:1qgjSZ:mzks7gJk2LpCRyvoAy8YitvtW-0HmsQCEoEWMJPpuo4", "expire_date": "2023-09-28T10:20:31.731Z"}}, {"model": "sessions.session", "pk": "th38i7l1oi7mug5q2wo3ldv5gqcm90yp", "fields": {"session_data": ".eJxVjDsOwjAQBe_iGln-R0tJzxms9a6NA8iW4qRC3B0ipYD2zcx7iYjbWuM28hJnFmehgzj9jgnpkdtO-I7t1iX1ti5zkrsiDzrktXN-Xg7376DiqN_aACNAMc44ylSsnrKFkDWZMHkuUKgEA8YrBd4p5zhplYCd9Wh9QBTvDwNGN64:1qiH3C:MaAW3zpihH1543IaMZxdS485KZ_mMHfY1wK5PZporhA", "expire_date": "2023-10-02T16:24:42.544Z"}}, {"model": "sessions.session", "pk": "thhlpdbvfnz2hw74c074cwrhd8bzr96v", "fields": {"session_data": ".eJxVjDsOwjAQBe_iGlne-Bco6XMGa-1d4wCypTipEHeHSCmgfTPzXiLgtpawdV7CTOIiYBSn3zFienDdCd2x3ppMra7LHOWuyIN2OTXi5_Vw_w4K9vKtvUnOJkKPCNFbo8k5lZPisx4HY1MmZwb0hoHJeZeVjwBGWY2gFYMV7w8LoDeW:1qlW3h:-WadGRBe5YW945taFSgSdM7sz4PQEw5mAccK5MK1fbE", "expire_date": "2023-10-11T15:02:37.153Z"}}]